<hibernate-configuration> 
 <session-factory> 
   
  <property name="connection.driver_class">com.mysql.cj.jdbc.Driver</property> 
  <property name="connection.url">jdbc:mysql://localhost:3306/testdb</property> 
  <property name="connection.username">root</property> 
  <property name="connection.password">root</property> 
 
  <property name="hibernate.dialect">org.hibernate.dialect.MySQLDialect</property> 
  <property name="hbm2ddl.auto">update</property> 
  <property name="show_sql">true</property> 
 
  <mapping class="com.klu.Student"/> 
 </session-factory> 
</hibernate-configuration>